{
    "val_score": 0.865479221884167,
    "best_params": {
        "encoder__prior_samples_ratio": 1.7847810862576992e-08,
        "encoder__n_draws": 3,
        "encoder__mapper": "mean",
        "estimator__max_depth": 21,
        "estimator__max_features": 3,
        "estimator__min_samples_leaf": 11
    },
    "test_score": 0.8651926915399969,
    "feature_importance": [
        0.0738453261609162,
        0.03434610186195373,
        0.07696432683190717,
        0.14707230226649928,
        0.03341020149401992,
        0.04276245680437306,
        0.030279439811440288,
        0.10001694245526938,
        0.13406156846722597,
        0.08621452665367363,
        0.17267250043893254,
        0.018247500097159672,
        0.029527717586583478,
        0.020579089070045825
    ]
}