{
    "val_score": 0.8648266380828398,
    "best_params": {
        "loo__sigma": 0.04538363497153407,
        "rf__max_depth": 35,
        "rf__max_features": 11,
        "rf__min_samples_leaf": 3
    },
    "test_score": 0.8647320743129127,
    "feature_importance": [
        0.054628965213313244,
        0.04286995345561452,
        0.03654263305441194,
        0.10937995233212146,
        0.029568408407997765,
        0.031013023612302505,
        0.04828949499100711,
        0.12345640002086158,
        0.0859331451769924,
        0.0803366563711587,
        0.23058531824534995,
        0.041012700311824364,
        0.04400571566942338,
        0.04237763313762108
    ]
}