{
    "val_score": 0.8276041666666668,
    "best_params": {
        "encoder__prior_samples_ratio": 3.892021733383672e-09,
        "encoder__n_draws": 19,
        "encoder__mapper": "mean",
        "estimator__max_depth": 24,
        "estimator__max_features": 1,
        "estimator__min_samples_leaf": 10
    },
    "test_score": 0.8229166666666666,
    "feature_importance": [
        0.15176670162553343,
        0.11487091882209029,
        0.11271829433258898,
        0.11578175192520852,
        0.11544302155121165,
        0.10347027979987371,
        0.09672864922249085,
        0.07420476358411843,
        0.08669647074631227,
        0.028319148390571782
    ]
}