{
    "val_score": 0.686125,
    "best_params": {
        "loo__sigma": 0.003133733255407017,
        "rf__max_depth": 12,
        "rf__max_features": 9,
        "rf__min_samples_leaf": 1
    },
    "test_score": 0.6585,
    "feature_importance": [
        0.04203036621157545,
        0.06765176387768287,
        0.11910227554890572,
        0.08190475309864942,
        0.06594418111837012,
        0.3147599786828578,
        0.039428271208054935,
        0.09047240413341257,
        0.10771629275651363,
        0.07098971336397737
    ]
}