{
    "val_score": 0.8225,
    "best_params": {
        "loo__sigma": 0.03387274429747305,
        "rf__max_depth": 28,
        "rf__max_features": 2,
        "rf__min_samples_leaf": 1
    },
    "test_score": 0.8216666666666667,
    "feature_importance": [
        0.11602098799342107,
        0.11217499923347132,
        0.11069383779661951,
        0.11124486695824908,
        0.11047410500024606,
        0.1052987248367952,
        0.1004568405904044,
        0.08322136969838123,
        0.09541413666812672,
        0.05500013122428543
    ]
}