{
    "val_score": 0.5671811646989419,
    "best_params": {
        "encoder__prior_samples_ratio": 1.583211017274173e-06,
        "encoder__n_draws": 21,
        "encoder__mapper": "mean",
        "estimator__max_depth": 5,
        "estimator__max_features": 97,
        "estimator__min_samples_leaf": 14
    },
    "test_score": 0.6113581165487467,
    "feature_importance": [
        7.666513864920994e-07,
        7.834569479191668e-05,
        0.00020531303763066908,
        8.889581901155795e-05,
        0.0,
        0.0,
        4.737459921379641e-05,
        5.998528081783892e-05,
        3.420380517233524e-05,
        6.882698573876637e-06,
        7.278493130413547e-05,
        2.29492298587811e-06,
        0.0,
        0.0,
        0.0003542377231329226,
        0.00018212691286438628,
        1.3077173584054533e-06,
        0.03270327300361642,
        0.0,
        0.00016111072881291131,
        0.0,
        0.0,
        0.0,
        0.0,
        5.8517379028619135e-06,
        0.0,
        3.817304122065707e-06,
        0.0,
        5.2805266538943816e-05,
        0.0,
        2.6056674595825143e-05,
        0.00010771351766324315,
        0.00394984172410816,
        0.0009541091520890767,
        4.74376757312923e-05,
        9.124552601012032e-05,
        5.7415127231584905e-05,
        0.0006253349618463215,
        1.5924975808487748e-06,
        0.016409708562644787,
        5.769033009239555e-06,
        0.00012156846865995175,
        0.0,
        0.00011645513082925339,
        8.678516314665265e-07,
        0.0,
        0.000927411746999037,
        7.43255266471641e-05,
        4.5666802276059456e-06,
        8.519752767259906e-06,
        0.00034183597883364713,
        0.000129331400581961,
        0.0,
        0.00017138719889716437,
        4.56043801921592e-05,
        0.0002202620040378713,
        0.0005819354994116417,
        0.00035936790030317606,
        0.0,
        4.6336114012565774e-06,
        0.00016486112388560003,
        1.5769387346984142e-06,
        0.00013938648488251315,
        0.0003726970393061395,
        0.00020244275701677047,
        0.00015682848937620167,
        0.0,
        0.00011230028154924554,
        1.939726297758654e-06,
        0.0,
        0.0,
        0.0,
        0.0,
        0.0,
        0.0,
        0.0,
        2.3639744956516926e-05,
        0.0,
        9.139773107880827e-05,
        0.0,
        0.00011908812774508668,
        1.0730950786889e-05,
        0.00014571070472450993,
        7.434874621172293e-05,
        0.00042782743756502494,
        1.277571024001863e-06,
        5.480674809214987e-06,
        6.189184948617974e-06,
        1.3484057932172317e-05,
        0.0006249690508271018,
        0.0,
        8.519638087895767e-05,
        0.013952662398262759,
        9.695992920575022e-05,
        0.0010868525977012415,
        0.024060925080247094,
        0.0010069070439441888,
        0.0,
        0.0,
        1.0599926782044675e-06,
        8.949728913371189e-05,
        0.09884880720972025,
        0.00018387238772090168,
        6.429213489457845e-05,
        0.0001287121212058663,
        2.3532157714920914e-05,
        1.9831554210312e-05,
        2.188981632875889e-05,
        0.0,
        0.022149319281337763,
        0.00011498650189072334,
        9.808831603915872e-06,
        1.1990874051270951e-05,
        1.6150295022126604e-05,
        7.981614609852828e-05,
        0.00022193219102014847,
        6.518801245801658e-06,
        2.1920080365162276e-05,
        1.982505285319871e-06,
        1.204026352579809e-05,
        5.202889208463456e-06,
        0.00015903743447843254,
        0.00024572121301701745,
        1.771813965956431e-05,
        4.497160833027187e-05,
        0.00022552684130962167,
        0.0001736567520376068,
        0.0002111659258487848,
        0.00025445470260928335,
        0.00014742759322758462,
        0.0,
        2.8664719679575413e-05,
        0.006590336203770955,
        6.13526398783913e-05,
        3.615978765260824e-05,
        1.535795834786413e-05,
        0.0013737218842669913,
        0.0,
        2.273451771226049e-05,
        0.0015211850746529078,
        2.343706933184778e-05,
        3.0954645423535576e-05,
        0.00022265425736929406,
        4.986495832814822e-06,
        4.625597737675759e-06,
        0.00012325989243771454,
        0.00011992867321531507,
        0.0003991010031548406,
        0.0008818526193654831,
        1.440034157836813e-05,
        1.313788169620529e-05,
        4.983181266308958e-05,
        0.0,
        7.072478240178236e-05,
        3.892523317029965e-06,
        1.54547033209616e-05,
        4.9217789242991904e-05,
        0.002883136454385357,
        0.0,
        7.376851056045655e-05,
        0.0,
        4.2962535878530555e-05,
        7.299409985065005e-06,
        5.29821880798261e-05,
        0.0,
        0.000612669730846828,
        0.0,
        0.00014190763031137767,
        8.098541954791773e-05,
        1.0572703561412148e-05,
        0.0001350573523841474,
        8.816990337156736e-05,
        3.645260977660933e-07,
        0.0,
        4.786100285051951e-06,
        2.102531702366827e-05,
        0.0,
        0.0,
        0.0,
        0.00017282697498224452,
        0.0,
        0.00018156935313904228,
        0.0002893315078088615,
        4.5422422295987214e-05,
        0.0006223102358748067,
        0.0002980242888745386,
        2.971016881701587e-05,
        9.371841928409117e-05,
        3.283493108363157e-05,
        4.315184406060026e-05,
        0.0,
        1.8595055780888068e-05,
        0.001982198800281917,
        0.0012287466096679949,
        5.471303140460114e-05,
        0.00382937101652759,
        0.00032797913590886993,
        0.0003095401285062111,
        2.5203771237167763e-05,
        0.0,
        3.6774690382738476e-05,
        3.802528454893167e-05,
        4.5016857454430965e-07,
        4.733439173521406e-06,
        7.055286440908438e-05,
        3.2011662204090704e-07,
        0.0,
        1.3661721778128129e-05,
        0.0,
        0.09462522163071128,
        0.047386047092731046,
        0.001010805465920968,
        0.0012986098471802884,
        0.00199082586065843,
        1.0473277727828817e-06,
        0.0,
        0.00013828697769646507,
        0.0015950575543704866,
        3.995173765561642e-05,
        0.0001036344515619631,
        0.004484167560552221,
        0.006491830520762996,
        0.0,
        0.0,
        0.0,
        0.0,
        0.0,
        0.00047609741041732044,
        3.237661001891018e-06,
        5.6419698883755795e-05,
        2.9443065949091964e-05,
        4.8301079420759605e-05,
        0.0,
        5.404802710930467e-05,
        6.335195938677675e-05,
        3.117287455870747e-05,
        0.0,
        0.0,
        6.247960070261299e-05,
        2.0822487483792355e-05,
        4.206185009352914e-05,
        0.0,
        0.0002054901175585456,
        6.811709670705042e-07,
        0.0,
        6.653520272247584e-05,
        0.00018653007809881183,
        0.011639721642149584,
        8.965332472580251e-05,
        0.007399833317853428,
        0.15119395834389573,
        0.022362385760470442,
        0.005816337322172939,
        6.989666928320097e-07,
        0.0,
        0.0,
        0.00013282217782483458,
        0.0008015583743083438,
        2.287340433789092e-05,
        4.885714733774215e-06,
        0.00032815078865375643,
        0.010175711259235304,
        6.643863942762104e-05,
        1.1931248861581909e-05,
        0.0,
        0.0,
        3.590735312393483e-05,
        0.0,
        0.00013013623874116834,
        0.00014452728192082583,
        0.0,
        0.0011582401400025357,
        4.297451063709512e-06,
        0.0005111580829829867,
        4.517411236744806e-05,
        2.3090298902644264e-06,
        1.903419623888663e-05,
        0.0005274815518787763,
        7.202100853615671e-06,
        0.001085812180137523,
        6.852277535605575e-06,
