{"val_score": 0.5650061780638513, "best_params": {"loo__sigma": 0.06404521961219334, "rf__max_depth": 7, "rf__max_features": 146, "rf__min_samples_leaf": 5}, "test_score": 0.6097406452297147, "feature_importance": [0.10764578128307417, 0.005092188155624821, 0.011688793077500531, 0.006948471101944119, 0.009464405989072952, 0.006452505480393358, 0.0058955031888590055, 0.007430688496636178, 0.0, 0.0005022470362490164, 0.00038330811271370904, 0.00026836581869670603, 0.0, 2.446263851585746e-05, 1.7378776741471756e-06, 7.396906310956808e-05, 7.445731268255076e-06, 0.00011913068333735925, 3.187241529241464e-05, 0.00011845019223500594, 1.4394312980100254e-06, 0.0, 0.00011050177836470569, 0.00041893289365146414, 3.1356467523102917e-06, 0.038472862503493674, 0.0, 0.0004298131327077338, 5.612799188217403e-06, 0.0, 1.136815812874866e-05, 0.0, 4.5966791171364466e-05, 0.0, 7.515390384541777e-06, 0.0, 0.00013312652628690052, 0.0, 0.0001310382285493006, 0.00040214574356804326, 0.005007398238448413, 0.0015249332217187265, 0.0001746068155942878, 0.00010105005699288226, 0.00021736523475557508, 0.00044120577627332374, 0.0, 0.015248467701142198, 6.732225069250525e-06, 0.00015787098068296884, 1.2151112944091563e-05, 0.00030124618144482853, 0.0, 0.0, 0.0010655857795667852, 6.856268703300886e-05, 1.713989872010399e-06, 0.00023122850548617697, 0.0, 0.00024633156668549754, 0.0, 0.0001400973754006943, 0.00016565743999322424, 0.0006258487820774002, 0.000747138851580378, 0.00020901692197860928, 0.0, 7.65656260015013e-05, 0.00030952533935928406, 1.0707724670238335e-05, 7.008532231561763e-05, 0.0003733834197827579, 0.0006481333411017889, 5.105854718319998e-05, 0.0, 0.00020446736594302608, 0.0, 0.0, 0.0, 0.0, 0.0, 0.0, 0.0, 0.0, 0.00025890477345461493, 0.0, 0.00010897823811094569, 0.0, 0.0002443983727744444, 1.3732606789852243e-05, 0.00012433867946983837, 0.0, 0.0, 1.4690071229227879e-05, 1.3036662502025894e-05, 0.00020352667405828067, 0.0, 0.0003772420506610923, 0.0, 0.00023662809414846887, 0.015827847013432934, 0.00040160885134498883, 0.001382724010434545, 0.04564297146307186, 0.0009008877501708931, 0.0, 0.0, 0.0, 0.0002262248526257901, 0.09688880454562289, 0.0001387199926197085, 0.00013877786598647077, 6.390981443847723e-07, 4.084971448294031e-05, 0.0001843831325259064, 0.00010759520551733648, 7.821002844166288e-05, 0.0221049622799217, 0.0003656277410087881, 1.701858236793188e-05, 9.86608304841726e-05, 2.5797281538322094e-06, 0.0001559866109962332, 0.0007311829134962691, 0.0001032684350008463, 0.0002875992646157012, 0.0, 6.127031337799081e-06, 0.0002176282941390949, 0.0004674784285165125, 0.00021492579874550532, 0.0, 0.00013218715296746516, 0.0004407160728558875, 0.00039323029702074014, 0.00042311574828183916, 0.0006537832358645431, 1.2949646422849633e-05, 0.0, 4.368493472256739e-05, 0.002685756971564176, 0.0001759338638974481, 0.00019395717979343977, 5.17141900253778e-05, 0.0007228661510296483, 0.0, 0.00015984748743531863, 1.595503445627367e-06, 4.4143954146321584e-05, 0.0005974060516970932, 0.0, 3.250782404745592e-05, 4.6942129876025786e-05, 0.0007316507122024924, 0.00015633436761938513, 0.0002986204973017074, 0.0010558945599186357, 0.00036837441493069547, 6.742857601956178e-05, 0.0006357514866510261, 4.233172872182114e-06, 1.2558812447110434e-05, 4.0206241306036826e-05, 0.00010310373461744727, 8.472928573545608e-05, 0.006504333970414152, 0.0, 0.00017693968608739846, 0.0, 7.782569076832472e-05, 2.591882099226942e-05, 3.438681464581014e-05, 7.593906411169933e-05, 0.0006774430246076482, 1.5797587074298705e-05, 0.00013273698776359476, 0.00010492906941685024, 1.0781758302588784e-05, 0.0, 0.0, 4.600617779050547e-06, 0.0, 4.302298968423779e-06, 5.149867831657655e-05, 0.0, 0.0, 0.0, 0.0003070892553583513, 0.0, 0.0005501338673328681, 0.0002135857525714142, 0.00024450064619923456, 0.0004385849709835029, 0.00025741418389285014, 0.00017405404380781115, 0.0002032740888012844, 5.620600826244902e-05, 0.00020527264356525455, 0.0, 0.00011439890629788973, 0.0007892187987680744, 0.0, 4.96321636402138e-05, 0.001893905306352302, 0.0006754463966926974, 0.0005107487963863657, 0.00014690615607256547, 0.0, 8.524180652969598e-05, 4.6164760000087034e-05, 0.0, 6.305974061570737e-06, 0.00010266418074806286, 0.0, 0.0, 0.0, 0.0, 0.13008081131513474, 0.05077931909675841, 0.00028730003515455206, 0.0007578550977565168, 0.002321560049573719, 0.0, 0.0, 5.097171474938473e-05, 0.0007678549538113243, 0.0002150316346343888, 7.994428836483942e-05, 0.004667676465398339, 0.0013407264860099727, 0.0, 0.0, 0.0, 0.0, 2.2285110381294177e-06, 0.00027238232172547693, 4.3251663900687006e-05, 0.00016131908158398592, 0.00019854018046043913, 0.0005748160951068086, 0.0, 5.535579237991301e-07, 1.6847413066507607e-05, 0.00023838157312400365, 0.0, 0.0, 0.00010040250221070573, 4.1237181512410596e-05, 8.204883692213995e-05, 5.961767116201516e-06, 0.0001550326954269275, 0.0, 1.4729282578613423e-06, 1.3176865998596324e-06, 0.00012465755708150806, 0.008971639138271259, 1.8091443542214777e-05, 0.005281138611334083, 0.2921873260333596, 0.043879628705479144, 0.0008331709689487458, 0.0, 0.0, 0.0, 0.00031345158714411633, 0.0013823709766766256, 0.0, 2.5457143844950693e-06, 0.0003443475082352048, 0.002688804129744191, 0.0002480809598268701, 7.538276111408542e-05, 0.0, 6.281436543131557e-06, 0.0003114052996636706, 0.0, 0.00010287570457993473, 0.0002439748248531775, 0.0, 0.0, 6.616115509416632e-05, 1.5448614120852877e-05, 0.00036486210840536734, 2.876476382745046e-05, 5.523936869263875e-06, 0.000972357882941086, 6.983706097014755e-05, 0.0008885521842251397, 0.0001716835481432526, 0.0002202886811095106, 0.00016101006269615925, 1.3927655249562661e-05, 0.0, 0.00029226537010717055, 0.00037171798269304156, 7.302856801041547e-05, 0.0, 0.00012587508812115513, 4.819891755051423e-06, 6.112665810010194e-05, 0.00018788679905869913, 0.00026257287540233215, 0.0, 3.7591490038666986e-05, 2.589280334613715e-05, 0.0, 1.367242708297987e-05, 1.5564834817806906e-05, 0.0, 1.7683120475130882e-05, 0.00029379360841713025, 0.00027459437885933824, 3.661396933464465e-05, 0.00018823302252434185, 2.332526424053622e-05, 2.621148432503745e-05, 0.0, 0.0, 0.0]}