{
    "mean_fit_time": [
        40.67695093154907,
        41.266496419906616
    ],
    "std_fit_time": [
        0.5664206387960142,
        0.12941421654462792
    ],
    "mean_score_time": [
        5.3307826042175295,
        5.398176097869873
    ],
    "std_score_time": [
        0.06318942110737702,
        0.05152411251647162
    ],
    "param_encoder__mapper": [
        "mean",
        "weight_of_evidence"
    ],
    "params": [
        {
            "encoder__mapper": "mean"
        },
        {
            "encoder__mapper": "weight_of_evidence"
        }
    ],
    "split0_test_score": [
        0.655,
        0.655
    ],
    "split1_test_score": [
        0.67125,
        0.67125
    ],
    "split2_test_score": [
        0.6725,
        0.6725
    ],
    "split3_test_score": [
        0.671875,
        0.671875
    ],
    "split4_test_score": [
        0.675,
        0.675
    ],
    "mean_test_score": [
        0.669125,
        0.669125
    ],
    "std_test_score": [
        0.007176350047203657,
        0.007176350047203657
    ],
    "rank_test_score": [
        1,
        1
    ]
}