{"mean_fit_time": [2.2266578674316406, 2.313225030899048], "std_fit_time": [0.07001038042956792, 0.048736396156815], "mean_score_time": [0.30480265617370605, 0.32680206298828124], "std_score_time": [0.009767763600510557, 0.004533448766263728], "param_encoder__mapper": ["mean", "weight_of_evidence"], "params": [{"encoder__mapper": "mean"}, {"encoder__mapper": "weight_of_evidence"}], "split0_test_score": [0.8994791666666667, 0.8989583333333333], "split1_test_score": [0.8895833333333333, 0.890625], "split2_test_score": [0.8885416666666667, 0.8885416666666667], "split3_test_score": [0.89375, 0.8932291666666666], "split4_test_score": [0.8885416666666667, 0.8875], "mean_test_score": [0.8919791666666667, 0.8917708333333334], "std_test_score": [0.004213280920032668, 0.004093100563414266], "rank_test_score": [1, 2]}