{
    "mean_fit_time": [
        46.43768606185913,
        46.92853198051453
    ],
    "std_fit_time": [
        0.9926307541044943,
        0.1581271306321697
    ],
    "mean_score_time": [
        4.6136739492416385,
        4.669844126701355
    ],
    "std_score_time": [
        0.11579462333276001,
        0.17908527998793602
    ],
    "param_encoder__mapper": [
        "mean",
        "weight_of_evidence"
    ],
    "params": [
        {
            "encoder__mapper": "mean"
        },
        {
            "encoder__mapper": "weight_of_evidence"
        }
    ],
    "split0_test_score": [
        0.63875,
        0.63875
    ],
    "split1_test_score": [
        0.6675,
        0.6675
    ],
    "split2_test_score": [
        0.65,
        0.65
    ],
    "split3_test_score": [
        0.69,
        0.69
    ],
    "split4_test_score": [
        0.6625,
        0.6625
    ],
    "split5_test_score": [
        0.685,
        0.685
    ],
    "split6_test_score": [
        0.67125,
        0.67125
    ],
    "split7_test_score": [
        0.67875,
        0.67875
    ],
    "split8_test_score": [
        0.66375,
        0.66375
    ],
    "split9_test_score": [
        0.68,
        0.68
    ],
    "mean_test_score": [
        0.66875,
        0.66875
    ],
    "std_test_score": [
        0.01505199322349036,
        0.01505199322349036
    ],
    "rank_test_score": [
        1,
        1
    ]
}