{
    "mean_fit_time": [
        48.62306189537048,
        49.58401911258697
    ],
    "std_fit_time": [
        0.21930656129271064,
        0.20756313328672907
    ],
    "mean_score_time": [
        4.911177754402161,
        4.958267641067505
    ],
    "std_score_time": [
        0.07227940284951477,
        0.08307442084290781
    ],
    "param_encoder__mapper": [
        "mean",
        "weight_of_evidence"
    ],
    "params": [
        {
            "encoder__mapper": "mean"
        },
        {
            "encoder__mapper": "weight_of_evidence"
        }
    ],
    "split0_test_score": [
        0.8375,
        0.8354166666666667
    ],
    "split1_test_score": [
        0.83125,
        0.83125
    ],
    "split2_test_score": [
        0.815625,
        0.8177083333333334
    ],
    "split3_test_score": [
        0.8322916666666667,
        0.8322916666666667
    ],
    "split4_test_score": [
        0.8302083333333333,
        0.8270833333333333
    ],
    "split5_test_score": [
        0.828125,
        0.828125
    ],
    "split6_test_score": [
        0.83125,
        0.83125
    ],
    "split7_test_score": [
        0.8291666666666667,
        0.8270833333333333
    ],
    "split8_test_score": [
        0.8322916666666667,
        0.8322916666666667
    ],
    "split9_test_score": [
        0.8375,
        0.8385416666666666
    ],
    "mean_test_score": [
        0.8305208333333333,
        0.8301041666666666
    ],
    "std_test_score": [
        0.005781953785990793,
        0.005361295513524066
    ],
    "rank_test_score": [
        1,
        2
    ]
}