{"val_score": 0.8975, "best_params": {"loo__sigma": 0.04916483545963002, "rf__max_depth": 26, "rf__max_features": 1, "rf__min_samples_leaf": 2}, "test_score": 0.9, "feature_importance": [0.10551085117111186, 0.0986868761940069, 0.09826285945131218, 0.09751998448846538, 0.10482202770814016, 0.10054166157874618, 0.0978974694599267, 0.09810576625421613, 0.09340655918449726, 0.10524594450957714]}